brand,model,price,url,scraped_date
Alfa-Romeo,Alfa Romeo Giulia,à partir de198 000DT,https://www.automobile.tn/fr/neuf/alfa-romeo/giulia/2.0-turbo-bva-super,2026-02-08 17:06:50.381573
Alfa-Romeo,Alfa Romeo Stelvio,à partir de265 000DT,https://www.automobile.tn/fr/neuf/alfa-romeo/stelvio/2.0-turbo-q4-bva,2026-02-08 17:06:50.381688
Audi,Audi A3 Sportback,à partir de139 990DT,https://www.automobile.tn/fr/neuf/audi/a3-sportback,2026-02-08 17:06:52.568744
Audi,Audi A3 Berline,à partir de159 990DT,https://www.automobile.tn/fr/neuf/audi/a3-berline/35-tfsi-dynamic-edition,2026-02-08 17:06:52.568833
Audi,Audi Q2,à partir de145 000DT,https://www.automobile.tn/fr/neuf/audi/q2/35-tfsi-bva-black-limited,2026-02-08 17:06:52.568912
Audi,Audi Q3 Sportback,à partir de199 000DT,https://www.automobile.tn/fr/neuf/audi/q3-sportback/35-tfsi-s-tronic-business-limited-plus,2026-02-08 17:06:52.568997
Audi,Audi A5,à partir de249 000DT,https://www.automobile.tn/fr/neuf/audi/a5-berline/tfsi-advanced,2026-02-08 17:06:52.569080
Audi,Audi A6 Sportback e-tron,à partir de259 000DT,https://www.automobile.tn/fr/neuf/audi/a6-sportback-e-tron/100-kwh-performance,2026-02-08 17:06:52.569157
Audi,Audi Q6 e-tron,à partir de259 000DT,https://www.automobile.tn/fr/neuf/audi/q6-e-tron/100-kwh-quattro-s-line,2026-02-08 17:06:52.569232
Audi,Audi Q6 Sportback e-tron,à partir de279 000DT,https://www.automobile.tn/fr/neuf/audi/q6-sportback-e-tron/100-kwh-quattro-s-line,2026-02-08 17:06:52.569309
Audi,Audi E-tron GT,à partir de340 000DT,https://www.automobile.tn/fr/neuf/audi/e-tron-gt/quattro,2026-02-08 17:06:52.569389
Audi,Audi Q8,à partir de525 000DT,https://www.automobile.tn/fr/neuf/audi/q8/55-tfsi-tiptronic-quattro-2025,2026-02-08 17:06:52.569471
Avantier,Avantier Avantier C,à partir de28 700DT,https://www.automobile.tn/fr/neuf/avantier/avantier-c/14-kwh,2026-02-08 17:06:54.629454
Avantier,Avantier Commuter,à partir de37 800DT,https://www.automobile.tn/fr/neuf/avantier/commuter,2026-02-08 17:06:54.629508
Bako,Bako Bee,à partir de16 980DT,https://www.automobile.tn/fr/neuf/bako/bee,2026-02-08 17:06:56.633470
Bako,Bako B-Van,à partir de22 586DT,https://www.automobile.tn/fr/neuf/bako/evan,2026-02-08 17:06:56.633531
Bmw,BMW Série 1,à partir de155 900DT,https://www.automobile.tn/fr/neuf/bmw/serie-1-5p,2026-02-08 17:06:58.796432
Bmw,BMW Série 2 Gran Coupé,à partir de165 900DT,https://www.automobile.tn/fr/neuf/bmw/serie-2-gran-coupe,2026-02-08 17:06:58.796526
Bmw,BMW Série 3,à partir de207 900DT,https://www.automobile.tn/fr/neuf/bmw/serie-3,2026-02-08 17:06:58.796624
Bmw,BMW Série 3 Hybride,à partir de229 900DT,https://www.automobile.tn/fr/neuf/bmw/serie-3-hybride/330e-pack-m-pro,2026-02-08 17:06:58.796717
Bmw,BMW Série 4 Gran Coupé,à partir de279 900DT,https://www.automobile.tn/fr/neuf/bmw/serie-4-gran-coupe,2026-02-08 17:06:58.796810
Bmw,BMW Série 4 Coupé,à partir de366 900DT,https://www.automobile.tn/fr/neuf/bmw/serie-4-coupe/420i-pack-m-pro,2026-02-08 17:06:58.796903
Bmw,BMW Série 5,à partir de334 900DT,https://www.automobile.tn/fr/neuf/bmw/serie-5,2026-02-08 17:06:58.796989
Bmw,BMW Série 5 Hybride,à partir de254 900DT,https://www.automobile.tn/fr/neuf/bmw/serie-5-hybride,2026-02-08 17:06:58.797080
Bmw,BMW X1,à partir de169 900DT,https://www.automobile.tn/fr/neuf/bmw/x1,2026-02-08 17:06:58.797181
Bmw,BMW X1 Hybride,à partir de179 900DT,https://www.automobile.tn/fr/neuf/bmw/x1-hybride,2026-02-08 17:06:58.797279
Bmw,BMW X2,à partir de179 900DT,https://www.automobile.tn/fr/neuf/bmw/x2,2026-02-08 17:06:58.797389
Bmw,BMW X3,à partir de373 000DT,https://www.automobile.tn/fr/neuf/bmw/x3/20i-xdrive-pack-m,2026-02-08 17:06:58.797499
Bmw,BMW X3 Hybride,à partir de264 900DT,https://www.automobile.tn/fr/neuf/bmw/x3-hybride-rechargeable,2026-02-08 17:06:58.797597
Bmw,BMW X4,à partir de399 900DT,https://www.automobile.tn/fr/neuf/bmw/x4/20i-xdrive-pack-m,2026-02-08 17:06:58.797694
Bmw,BMW X5 Hybride,à partir de379 900DT,https://www.automobile.tn/fr/neuf/bmw/x5-hybride,2026-02-08 17:06:58.797799
Bmw,BMW i4,à partir de245 900DT,https://www.automobile.tn/fr/neuf/bmw/i4,2026-02-08 17:06:58.797891
Bmw,BMW iX1,à partir de223 900DT,https://www.automobile.tn/fr/neuf/bmw/ix1,2026-02-08 17:06:58.797977
Bmw,BMW iX2,à partir de232 900DT,https://www.automobile.tn/fr/neuf/bmw/ix2,2026-02-08 17:06:58.798066
Bmw,BMW i5,à partir de290 900DT,https://www.automobile.tn/fr/neuf/bmw/i5,2026-02-08 17:06:58.798157
Bmw,BMW iX,à partir de369 900DT,https://www.automobile.tn/fr/neuf/bmw/ix,2026-02-08 17:06:58.798240
Byd,BYD Dolphin Surf,à partir de51 000DT,https://www.automobile.tn/fr/neuf/byd/dolphin-surf,2026-02-08 17:07:00.970350
Byd,BYD Qin Plus,à partir de69 990DT,https://www.automobile.tn/fr/neuf/byd/qin/1.5-l-dm-i,2026-02-08 17:07:00.970518
Byd,BYD Dolphin,à partir de94 990DT,https://www.automobile.tn/fr/neuf/byd/dolphin/fwd,2026-02-08 17:07:00.970660
Byd,BYD Atto 3,à partir de123 990DT,https://www.automobile.tn/fr/neuf/byd/atto-3/bev,2026-02-08 17:07:00.970978
Byd,BYD Song Plus,à partir de115 990DT,https://www.automobile.tn/fr/neuf/byd/song-plus/1.5-l-dm-i,2026-02-08 17:07:00.971094
Byd,BYD Tang EV,à partir de229 990DT,https://www.automobile.tn/fr/neuf/byd/tang-ev/bev,2026-02-08 17:07:00.971182
Cenntro,Cenntro Logistar 100,à partir de32 800DT,https://www.automobile.tn/fr/neuf/cenntro/logistar-ls-100/16-kwh,2026-02-08 17:07:03.023753
Cenntro,Cenntro Logistar 210,à partir de66 900DT,https://www.automobile.tn/fr/neuf/cenntro/logistar-ls-210/41.85-kwh,2026-02-08 17:07:03.023807
Cenntro,Cenntro Logistar 260,à partir de88 600DT,https://www.automobile.tn/fr/neuf/cenntro/logistar-ls-260/43.5-kwh,2026-02-08 17:07:03.023857
Changan,Changan New Star Van,à partir de39 900DT,https://www.automobile.tn/fr/neuf/changan/new-star/1.2-l,2026-02-08 17:07:05.322915
Changan,Changan Star Truck Double Cabine,à partir de49 900DT,https://www.automobile.tn/fr/neuf/changan/star-truck-double-cabine/1.2-l,2026-02-08 17:07:05.322968
Changan,Changan Hunter,à partir de123 046DT,https://www.automobile.tn/fr/neuf/changan/hunter/1.9-l-turbo-diesel-4x4,2026-02-08 17:07:05.323015
Chery,Chery Tiggo 1X populaire,à partir de32 340DT,https://www.automobile.tn/fr/neuf/chery/tiggo-1x-populaire/1.0-l-turbo-cvt,2026-02-08 17:07:07.350161
Chery,Chery Tiggo 3X,à partir de57 900DT,https://www.automobile.tn/fr/neuf/chery/tiggo-3x,2026-02-08 17:07:07.350237
Chery,Chery Arrizo 5,à partir de59 490DT,https://www.automobile.tn/fr/neuf/chery/arrizo-5,2026-02-08 17:07:07.350305
Chery,Chery Tiggo 4 Pro,à partir de79 900DT,https://www.automobile.tn/fr/neuf/chery/tiggo-4-pro/1.5-t-cvt,2026-02-08 17:07:07.350373
Chery,Chery Tiggo 7 Pro,à partir de96 500DT,https://www.automobile.tn/fr/neuf/chery/tiggo-7/1.5-t-cvt-2025,2026-02-08 17:07:07.350440
Chery,Chery Arrizo 8,à partir de109 900DT,https://www.automobile.tn/fr/neuf/chery/arrizo-8/1.6-t-gdi-bva,2026-02-08 17:07:07.350505
Chevrolet,Chevrolet Groove,à partir de85 825DT,https://www.automobile.tn/fr/neuf/chevrolet/groove/1.5-l-premier-2022,2026-02-08 17:07:09.329239
Chevrolet,Chevrolet Captiva,à partir de93 920DT,https://www.automobile.tn/fr/neuf/chevrolet/captiva,2026-02-08 17:07:09.329305
Citroen,Citroën C3 Populaire,à partir de34 626DT,https://www.automobile.tn/fr/neuf/citroen/c3-populaire/1.2-l,2026-02-08 17:07:11.320625
Citroen,Citroën C4 X,à partir de84 900DT,https://www.automobile.tn/fr/neuf/citroen/c4-x,2026-02-08 17:07:11.320713
Citroen,Citroën Berlingo,à partir de101 900DT,https://www.automobile.tn/fr/neuf/citroen/berlingo-multispace/1.6-l-hdi,2026-02-08 17:07:11.320825
Citroen,Citroën Jumpy Combi,à partir de152 900DT,https://www.automobile.tn/fr/neuf/citroen/jumpy-combi/2.0-l-hdi-9-places,2026-02-08 17:07:11.320931
Citroen,Citroën Berlingo Van,à partir de67 490DT,https://www.automobile.tn/fr/neuf/citroen/berlingo-van/1.6-l-hdi-pro-edition-650-kg,2026-02-08 17:07:11.321035
Citroen,Citroën Jumpy Fourgon,à partir de88 900DT,https://www.automobile.tn/fr/neuf/citroen/jumpy-fourgon/2.0-l-hdi-2025,2026-02-08 17:07:11.321120
Citroen,Citroën Jumper,à partir de97 900DT,https://www.automobile.tn/fr/neuf/citroen/jumper,2026-02-08 17:07:11.321211
Cupra,Cupra Leon,à partir de137 980DT,https://www.automobile.tn/fr/neuf/cupra/leon,2026-02-08 17:07:13.327541
Cupra,Cupra Terramar,à partir de168 980DT,https://www.automobile.tn/fr/neuf/cupra/terramar,2026-02-08 17:07:13.327637
Dacia,Dacia Sandero Stepway,à partir de62 990DT,https://www.automobile.tn/fr/neuf/dacia/sandero-stepway,2026-02-08 17:07:15.386084
Dacia,Dacia Sandero,à partir de58 450DT,https://www.automobile.tn/fr/neuf/dacia/sandero/1.0-l-tce,2026-02-08 17:07:15.386156
Dacia,Dacia Logan,à partir de62 980DT,https://www.automobile.tn/fr/neuf/dacia/logan/1.0-l-tce-2023,2026-02-08 17:07:15.386204
Dacia,Dacia Duster,à partir de106 950DT,https://www.automobile.tn/fr/neuf/dacia/duster/1.5-l-dci-4x2,2026-02-08 17:07:15.386249
Deepal,Deepal S05,à partir de79 980DT,https://www.automobile.tn/fr/neuf/deepal/s05/1.5-l-reev-27.28-kwh,2026-02-08 17:07:17.309609
Deepal,Deepal S07,à partir de103 980DT,https://www.automobile.tn/fr/neuf/deepal/s07/1.5-l-reev-31.73-kwh,2026-02-08 17:07:17.309656
Deepal,Deepal G318,à partir de125 980DT,https://www.automobile.tn/fr/neuf/deepal/g318/1.5-l-reev-35.07-kwh,2026-02-08 17:07:17.309698
Dfsk,DFSK E5 PHEV,à partir de76 900DT,https://www.automobile.tn/fr/neuf/dfsk/e5,2026-02-08 17:07:19.179849
Dfsk,DFSK EC75,à partir de84 900DT,https://www.automobile.tn/fr/neuf/dfsk/ec75/50.38-kwh,2026-02-08 17:07:19.179908
Dfsk,DFSK Glory 500,à partir de69 900DT,https://www.automobile.tn/fr/neuf/dfsk/glory-500,2026-02-08 17:07:19.179952
Dfsk,DFSK Glory 580,à partir de99 900DT,https://www.automobile.tn/fr/neuf/dfsk/glory-580/1.5-l-cvt-luxury,2026-02-08 17:07:19.179996
Dfsk,DFSK Glory iX5,à partir de104 900DT,https://www.automobile.tn/fr/neuf/dfsk/glory-ix5/1.5-t-deluxe-cvt,2026-02-08 17:07:19.180040
Dfsk,DFSK K01S,à partir de32 900DT,https://www.automobile.tn/fr/neuf/dfsk/k01s,2026-02-08 17:07:19.180085
Dfsk,DFSK K01H,à partir de35 900DT,https://www.automobile.tn/fr/neuf/dfsk/k01h,2026-02-08 17:07:19.180128
Dfsk,DFSK K02S,à partir de40 900DT,https://www.automobile.tn/fr/neuf/dfsk/k02s,2026-02-08 17:07:19.180173
Dfsk,DFSK C31,à partir de44 900DT,https://www.automobile.tn/fr/neuf/dfsk/c31/1.5-l-simple-cabine-dlx,2026-02-08 17:07:19.180218
Dfsk,DFSK C32,à partir de52 900DT,https://www.automobile.tn/fr/neuf/dfsk/c32/1.5-l-double-cabine-dlx,2026-02-08 17:07:19.180262
Dongfeng,Dongfeng Box,à partir de49 990DT,https://www.automobile.tn/fr/neuf/dongfeng/box,2026-02-08 17:07:21.128970
Dongfeng,Dongfeng Shine,à partir de64 990DT,https://www.automobile.tn/fr/neuf/dongfeng/shine,2026-02-08 17:07:21.129086
Dongfeng,Dongfeng Shine Max Hybride,à partir de90 990DT,https://www.automobile.tn/fr/neuf/dongfeng/shine-max/1.5-t-hev,2026-02-08 17:07:21.129185
Dongfeng,Dongfeng Rich 6,à partir de93 900DT,https://www.automobile.tn/fr/neuf/dongfeng/rich-6,2026-02-08 17:07:21.129287
Dongfeng,Dongfeng Forthing T5 EVO,à partir de118 900DT,https://www.automobile.tn/fr/neuf/dongfeng/t5-evo/1.5-l-turbo,2026-02-08 17:07:21.129385
Faw,Faw Bestune T77 Pro,à partir de113 777DT,https://www.automobile.tn/fr/neuf/faw/bestune-t77,2026-02-08 17:07:23.079575
Faw,Faw Bestune B70,à partir de94 970DT,https://www.automobile.tn/fr/neuf/faw/bestune-b70/1.5-l-turbo-bva-luxury,2026-02-08 17:07:23.079655
Faw,Faw Bestune T90,à partir de99 990DT,https://www.automobile.tn/fr/neuf/faw/bestune-t90/1.5-l-turbo-bva-premium,2026-02-08 17:07:23.079737
Fiat,Fiat Fiorino Combi,à partir de81 000DT,https://www.automobile.tn/fr/neuf/fiat/fiorino-combi/1.3-l-multijet,2026-02-08 17:07:25.129102
Fiat,Fiat Tipo Berline,à partir de78 500DT,https://www.automobile.tn/fr/neuf/fiat/tipo-berline,2026-02-08 17:07:25.129181
Fiat,Fiat Doblo Combi,à partir de104 900DT,https://www.automobile.tn/fr/neuf/fiat/doblo-combi/1.6-l-hdi,2026-02-08 17:07:25.129253
Fiat,Fiat Scudo Combi,à partir de152 900DT,https://www.automobile.tn/fr/neuf/fiat/scudo-combi,2026-02-08 17:07:25.129321
Fiat,Fiat Doblo,à partir de67 499DT,https://www.automobile.tn/fr/neuf/fiat/doblo,2026-02-08 17:07:25.129389
Fiat,Fiat Ducato,à partir de85 000DT,https://www.automobile.tn/fr/neuf/fiat/ducato/2.2-hdi-2025-11.5-m3-l2h2,2026-02-08 17:07:25.129461
Fiat,Fiat Scudo Fourgon,à partir de86 900DT,https://www.automobile.tn/fr/neuf/fiat/scudo/2.0-l-hdi,2026-02-08 17:07:25.129528
Foday,Foday F22 S,à partir de99 500DT,https://www.automobile.tn/fr/neuf/foday/f22-s/1.9-l-turbo-4wd,2026-02-08 17:07:27.297837
Foday,Foday F22 D,à partir de109 800DT,https://www.automobile.tn/fr/neuf/foday/f22/1.9-l-tid4-luxury,2026-02-08 17:07:27.297894
Foday,Foday F22 Max,à partir de116 800DT,https://www.automobile.tn/fr/neuf/foday/f22-max/1.9-l-tid4-luxury,2026-02-08 17:07:27.297948
Ford,Ford Territory,à partir de124 900DT,https://www.automobile.tn/fr/neuf/ford/territory,2026-02-08 17:07:29.214087
Ford,Ford Everest,à partir de260 000DT,https://www.automobile.tn/fr/neuf/ford/everest,2026-02-08 17:07:29.214183
Ford,Ford Ranger,à partir de155 000DT,https://www.automobile.tn/fr/neuf/ford/ranger,2026-02-08 17:07:29.214264
Ford,Ford Ranger Raptor,à partir de330 000DT,https://www.automobile.tn/fr/neuf/ford/ranger-raptor/2.0-l-tdci-210-ch-4x4-bva,2026-02-08 17:07:29.214335
Ford,Ford Transit Minibus,à partir de175 000DT,https://www.automobile.tn/fr/neuf/ford/transit-bus/2.0-l-d-18-places,2026-02-08 17:07:29.214404
Foton,Foton Tunland G7 Simple Cabine,à partir de72 700DT,https://www.automobile.tn/fr/neuf/foton/tunland-g7-simple-cabine/2.0-l-turbo-4x2,2026-02-08 17:07:31.100965
Foton,Foton Tunland G7 Double Cabine,à partir de107 200DT,https://www.automobile.tn/fr/neuf/foton/tunland-g7-double-cabine/2.0-l-turbo-4x4,2026-02-08 17:07:31.101011
Foton,Foton TM5 3.4T Chassis Cabine,à partir de58 270DT,https://www.automobile.tn/fr/neuf/foton/tm5h/2.2-l-turbo,2026-02-08 17:07:31.101051
Foton,Foton View CS2 Van 16 places,à partir de127 501DT,https://www.automobile.tn/fr/neuf/foton/view-c2/2.0-l-turbo-16-places,2026-02-08 17:07:31.101090
Gac-Motor,GAC Emzoom,à partir de95 900DT,https://www.automobile.tn/fr/neuf/gac-motor/emzoom,2026-02-08 17:07:33.026842
Gac-Motor,GAC Emkoo,à partir de118 900DT,https://www.automobile.tn/fr/neuf/gac-motor/emkoo/1.5t-gdi-bva,2026-02-08 17:07:33.026910
Gac-Motor,GAC GA4,à partir de69 900DT,https://www.automobile.tn/fr/neuf/gac-motor/ga4/1.5-l-bva,2026-02-08 17:07:33.026961
Geely,Geely EX2,à partir de52 000DT,https://www.automobile.tn/fr/neuf/geely/ex2/39.4-kwh-max,2026-02-08 17:07:34.926080
Geely,Geely GX3 Pro,à partir de62 300DT,https://www.automobile.tn/fr/neuf/geely/gx3-pro,2026-02-08 17:07:34.926132
Geely,Geely Emgrand,à partir de67 800DT,https://www.automobile.tn/fr/neuf/geely/emgrand,2026-02-08 17:07:34.926177
Geely,Geely Coolray,à partir de72 800DT,https://www.automobile.tn/fr/neuf/geely/coolray,2026-02-08 17:07:34.926223
Geely,Geely EX5,à partir de92 000DT,https://www.automobile.tn/fr/neuf/geely/ex5/60.2-kwh,2026-02-08 17:07:34.926269
Geely,Geely Cityray,à partir de98 800DT,https://www.automobile.tn/fr/neuf/geely/cityray/1.5-l-turbo,2026-02-08 17:07:34.926315
Geely,Geely Geometry C,à partir de104 000DT,https://www.automobile.tn/fr/neuf/geely/geometry/70-kwh,2026-02-08 17:07:34.926361
Geely,Geely Azkarra,à partir de99 800DT,https://www.automobile.tn/fr/neuf/geely/azkara/1.5-l-turbo-hybrid,2026-02-08 17:07:34.926405
Geely,Geely Starray,à partir de122 800DT,https://www.automobile.tn/fr/neuf/geely/starray/1.5-l-turbo-gfplus,2026-02-08 17:07:34.926452
Geely,Geely Tugella,à partir de179 000DT,https://www.automobile.tn/fr/neuf/geely/tugella/2.0-l-turbo-4wd-gfplus,2026-02-08 17:07:34.926497
Geely,Geely Monjaro,à partir de199 800DT,https://www.automobile.tn/fr/neuf/geely/monjaro/2.0-l-turbo-4wd-gfplus,2026-02-08 17:07:34.926542
Great-Wall,GWM Tank 300 HEV,à partir de194 900DT,https://www.automobile.tn/fr/neuf/great-wall/tank-300/2.0-l,2026-02-08 17:07:36.814092
Great-Wall,GWM Tank 500 HEV,à partir de239 900DT,https://www.automobile.tn/fr/neuf/great-wall/tank-500/2.0-l,2026-02-08 17:07:36.814142
Great-Wall,GWM Haval Jolion,à partir de102 900DT,https://www.automobile.tn/fr/neuf/great-wall/jolion/1.5-t-fl,2026-02-08 17:07:36.814188
Great-Wall,GWM Haval H6 Hybride,à partir de129 900DT,https://www.automobile.tn/fr/neuf/great-wall/h6-hybride/1.5-t-hev-2026,2026-02-08 17:07:36.814234
Great-Wall,GWM Wingle 5 Simple Cabine,à partir de80 900DT,https://www.automobile.tn/fr/neuf/great-wall/wingle-5/2.0-l-diesel-4x4,2026-02-08 17:07:36.814278
Great-Wall,GWM Wingle 5 Double Cabine,à partir de87 500DT,https://www.automobile.tn/fr/neuf/great-wall/wingle-5-double-cabine/2.0-l-diesel-4x2-2023,2026-02-08 17:07:36.814321
Great-Wall,GWM Poer MT,à partir de112 900DT,https://www.automobile.tn/fr/neuf/great-wall/poer/2.0-l-diesel-4x4,2026-02-08 17:07:36.814367
Great-Wall,GWM Poer AT,à partir de138 900DT,https://www.automobile.tn/fr/neuf/great-wall/poer-at/2.0-l-diesel-4x4-bva,2026-02-08 17:07:36.814412
Honda,Honda City,à partir de78 980DT,https://www.automobile.tn/fr/neuf/honda/city,2026-02-08 17:07:38.756523
Honda,Honda Jazz,à partir de79 980DT,https://www.automobile.tn/fr/neuf/honda/jazz/1.5-l-e-hev,2026-02-08 17:07:38.756576
Honda,Honda Civic,à partir de145 980DT,https://www.automobile.tn/fr/neuf/honda/civic/1.5-l-cvt,2026-02-08 17:07:38.756625
Honda,Honda Civic Hybride,à partir de171 980DT,https://www.automobile.tn/fr/neuf/honda/civic-hybride/2.0-l-e-hev,2026-02-08 17:07:38.756671
Honda,Honda Civic Type R,à partir de255 000DT,https://www.automobile.tn/fr/neuf/honda/civic-type-r/2.0-l-turbo,2026-02-08 17:07:38.756719
Honda,Honda Accord,à partir de179 980DT,https://www.automobile.tn/fr/neuf/honda/accord/1.5-l-turbo-24,2026-02-08 17:07:38.756764
Honda,Honda HR-V,à partir de114 980DT,https://www.automobile.tn/fr/neuf/honda/hr-v/1.5-l-cvt-ex-2023,2026-02-08 17:07:38.756809
Honda,Honda ZR-V,à partir de139 980DT,https://www.automobile.tn/fr/neuf/honda/zr-v/1.5-l-cvt,2026-02-08 17:07:38.756855
Honda,Honda CR-V,à partir de190 980DT,https://www.automobile.tn/fr/neuf/honda/cr-v/1.5-t-cvt-2025,2026-02-08 17:07:38.756898
Honda,Honda CR-V Hybride,à partir de204 980DT,https://www.automobile.tn/fr/neuf/honda/cr-v-hybride/e-hev,2026-02-08 17:07:38.756942
Hyundai,Hyundai Grand i10 Populaire,à partir de31 803DT,https://www.automobile.tn/fr/neuf/hyundai/grand-i10-populaire/1.0-l,2026-02-08 17:07:40.767151
Hyundai,Hyundai Grand i10,à partir de51 950DT,https://www.automobile.tn/fr/neuf/hyundai/grand-i10,2026-02-08 17:07:40.767206
Hyundai,Hyundai Grand i10 Sedan,à partir de56 950DT,https://www.automobile.tn/fr/neuf/hyundai/grand-i10-sedan/1.2-l-2024,2026-02-08 17:07:40.767263
Hyundai,Hyundai i20,à partir de66 950DT,https://www.automobile.tn/fr/neuf/hyundai/i20,2026-02-08 17:07:40.767310
Hyundai,Hyundai Bayon,à partir de84 950DT,https://www.automobile.tn/fr/neuf/hyundai/bayon,2026-02-08 17:07:40.767357
Hyundai,Hyundai Venue,à partir de90 000DT,https://www.automobile.tn/fr/neuf/hyundai/venue/1.0-l-turbo-bva,2026-02-08 17:07:40.767411
Hyundai,Hyundai i30 Fastback,à partir de94 950DT,https://www.automobile.tn/fr/neuf/hyundai/i30-fastback,2026-02-08 17:07:40.767458
Hyundai,Hyundai Creta,à partir de118 950DT,https://www.automobile.tn/fr/neuf/hyundai/creta/1.5-l-bva,2026-02-08 17:07:40.767502
Hyundai,Hyundai Kona Electric,à partir de123 900DT,https://www.automobile.tn/fr/neuf/hyundai/kona-ev/bva,2026-02-08 17:07:40.767550
Hyundai,Hyundai Kona,à partir de137 000DT,https://www.automobile.tn/fr/neuf/hyundai/kona,2026-02-08 17:07:40.767605
Hyundai,Hyundai Tucson,à partir de180 000DT,https://www.automobile.tn/fr/neuf/hyundai/tucson/1.6-l-t-gdi-7-dct-4wd-top-grade,2026-02-08 17:07:40.767655
Hyundai,Hyundai Tucson Hybride,à partir de169 950DT,https://www.automobile.tn/fr/neuf/hyundai/tucson-hybride,2026-02-08 17:07:40.767699
Hyundai,Hyundai Ioniq 5,à partir de168 950DT,https://www.automobile.tn/fr/neuf/hyundai/ioniq-5,2026-02-08 17:07:40.767744
Hyundai,Hyundai Ioniq 5 N,à partir de249 950DT,https://www.automobile.tn/fr/neuf/hyundai/ioniq-5-n/84-kwh-4wd,2026-02-08 17:07:40.767803
Hyundai,Hyundai Ioniq 6,à partir de199 950DT,https://www.automobile.tn/fr/neuf/hyundai/ioniq-6,2026-02-08 17:07:40.767851
Hyundai,Hyundai Palisade Calligraphy,à partir de350 000DT,https://www.automobile.tn/fr/neuf/hyundai/palisade-calligraphy,2026-02-08 17:07:40.767909
Hyundai,Hyundai Staria 11 places,à partir de159 600DT,https://www.automobile.tn/fr/neuf/hyundai/staria/2.2-crdi,2026-02-08 17:07:40.767956
Hyundai,Hyundai Staria 9 places,à partir de199 950DT,https://www.automobile.tn/fr/neuf/hyundai/staria-9-places,2026-02-08 17:07:40.767999
Im-Motors,IM Motors IM5,à partir de136 900DT,https://www.automobile.tn/fr/neuf/im-motors/im5,2026-02-08 17:07:42.657482
Im-Motors,IM Motors IM6,à partir de147 900DT,https://www.automobile.tn/fr/neuf/im-motors/im6,2026-02-08 17:07:42.657530
Jac,JAC T8 Pro Double Cabine,à partir de105 000DT,https://www.automobile.tn/fr/neuf/jac/t8-dc/2.0-l-cti-diesel-4x4,2026-02-08 17:07:44.531967
Jaguar,Jaguar E-Pace,à partir de305 000DT,https://www.automobile.tn/fr/neuf/jaguar/e-pace/2.0-d-163-2025-r-dynamic-s,2026-02-08 17:07:46.459179
Jaguar,Jaguar F-Pace,à partir de425 000DT,https://www.automobile.tn/fr/neuf/jaguar/f-pace/2.0-t-250-2025-r-dynamic-s,2026-02-08 17:07:46.459231
Jeep,Jeep Renegade,à partir de126 500DT,https://www.automobile.tn/fr/neuf/jeep/renegade/1.4-turbo-limited-bva-4x2,2026-02-08 17:07:48.464101
Jeep,Jeep Wrangler,à partir de327 000DT,https://www.automobile.tn/fr/neuf/jeep/wrangler-2021/2.0-l-rubicon,2026-02-08 17:07:48.464157
Jeep,Jeep Wrangler Unlimited,à partir de375 000DT,https://www.automobile.tn/fr/neuf/jeep/wrangler-unlimited,2026-02-08 17:07:48.464207
Jetour,Jetour Dashing,à partir de109 500DT,https://www.automobile.tn/fr/neuf/jetour/dashing/1.5-turbo-bva,2026-02-08 17:07:50.433434
Jetour,Jetour X70 Plus,à partir de119 500DT,https://www.automobile.tn/fr/neuf/jetour/x70-plus/1.5-turbo,2026-02-08 17:07:50.433518
Jetour,Jetour T2,à partir de198 000DT,https://www.automobile.tn/fr/neuf/jetour/t2/2.0-turbo,2026-02-08 17:07:50.433581
Jmc,JMC Vigus Simple Cabine,à partir de69 900DT,https://www.automobile.tn/fr/neuf/jmc/vigus-simple-cabine/2.5-l-diesel-4x2,2026-02-08 17:07:52.511472
Jmc,JMC Vigus Double Cabine,à partir de82 900DT,https://www.automobile.tn/fr/neuf/jmc/vigus-double-cabine,2026-02-08 17:07:52.511520
Jmev,JMEV EV3,à partir de39 950DT,https://www.automobile.tn/fr/neuf/jmev/ev3/31-kwh,2026-02-08 17:07:54.615477
Jmev,JMEV Elight,à partir de74 950DT,https://www.automobile.tn/fr/neuf/jmev/elight/63-kwh-comfort,2026-02-08 17:07:54.615549
Kia,KIA Picanto Populaire,à partir de32 190DT,https://www.automobile.tn/fr/neuf/kia/picanto-populaire/1.0-l,2026-02-08 17:07:56.739639
Kia,KIA Picanto,à partir de53 480DT,https://www.automobile.tn/fr/neuf/kia/picanto,2026-02-08 17:07:56.739685
Kia,KIA Sonet,à partir de89 480DT,https://www.automobile.tn/fr/neuf/kia/sonet,2026-02-08 17:07:56.739725
Kia,KIA Seltos,à partir de120 980DT,https://www.automobile.tn/fr/neuf/kia/seltos/1.4-t-gdi-top-grade,2026-02-08 17:07:56.739764
Kia,KIA Niro Hybride,à partir de129 980DT,https://www.automobile.tn/fr/neuf/kia/niro,2026-02-08 17:07:56.739803
Kia,KIA Sportage,à partir de140 980DT,https://www.automobile.tn/fr/neuf/kia/sportage,2026-02-08 17:07:56.739843
Kia,KIA Sportage Hybride,à partir de174 980DT,https://www.automobile.tn/fr/neuf/kia/sportage-hybride,2026-02-08 17:07:56.739883
Kia,KIA EV3,à partir de104 980DT,https://www.automobile.tn/fr/neuf/kia/ev3,2026-02-08 17:07:56.739925
Kia,KIA EV6,à partir de179 980DT,https://www.automobile.tn/fr/neuf/kia/ev6,2026-02-08 17:07:56.739967
Kia,KIA EV6 GT,à partir de262 980DT,https://www.automobile.tn/fr/neuf/kia/ev6-gt/awd,2026-02-08 17:07:56.740007
Kia,KIA EV9,à partir de299 980DT,https://www.automobile.tn/fr/neuf/kia/ev9,2026-02-08 17:07:56.740046
Kia,KIA Sorento Hybride,à partir de249 980DT,https://www.automobile.tn/fr/neuf/kia/sorento-hybride/1.6-t-gdi-hev,2026-02-08 17:07:56.740086
Land-Rover,Discovery Sport,à partir de248 000DT,https://www.automobile.tn/fr/neuf/land-rover/discovery-sport/1.5-l-p300e-phev-dynamic-se,2026-02-08 17:07:58.773195
Land-Rover,Defender 110,à partir de299 000DT,https://www.automobile.tn/fr/neuf/land-rover/defender,2026-02-08 17:07:58.773251
Land-Rover,Range Rover Evoque,à partir de225 000DT,https://www.automobile.tn/fr/neuf/land-rover/range-rover-evoque,2026-02-08 17:07:58.773312
Land-Rover,Range Rover Velar,à partir de395 000DT,https://www.automobile.tn/fr/neuf/land-rover/range-rover-velar/2.0-l-p250-dynamic-se,2026-02-08 17:07:58.773380
Land-Rover,Range Rover Sport,à partir de399 000DT,https://www.automobile.tn/fr/neuf/land-rover/range-rover-sport,2026-02-08 17:07:58.773423
Land-Rover,Range Rover,à partir de469 900DT,https://www.automobile.tn/fr/neuf/land-rover/range-rover/3.0-l-p460-phev-2025-se,2026-02-08 17:07:58.773480
Lynk-Co,Lynk & Co 01,à partir de99 900DT,https://www.automobile.tn/fr/neuf/lynk-co/01/1.5-l-more,2026-02-08 17:08:00.795267
Lynk-Co,Lynk & Co 02,à partir de96 900DT,https://www.automobile.tn/fr/neuf/lynk-co/02/66-kwh-more,2026-02-08 17:08:00.795327
Lynk-Co,Lynk & Co 08,à partir de129 900DT,https://www.automobile.tn/fr/neuf/lynk-co/08/1.5-l-more,2026-02-08 17:08:00.795376
Mahindra,Mahindra KUV 100,à partir de43 900DT,https://www.automobile.tn/fr/neuf/mahindra/kuv-100/1.2-l-k8,2026-02-08 17:08:02.700414
Mahindra,Mahindra XUV 3XO,à partir de56 800DT,https://www.automobile.tn/fr/neuf/mahindra/3xo,2026-02-08 17:08:02.700473
Mahindra,Mahindra XUV 300,à partir de59 500DT,https://www.automobile.tn/fr/neuf/mahindra/xuv-300,2026-02-08 17:08:02.700525
Mahindra,Mahindra Pick-up SC,à partir de63 055DT,https://www.automobile.tn/fr/neuf/mahindra/pick-up-sc/2.2-l-diesel-4x4-plateau-simple,2026-02-08 17:08:02.700569
Mahindra,Mahindra Pick-up DC,à partir de69 900DT,https://www.automobile.tn/fr/neuf/mahindra/pick-up-dc,2026-02-08 17:08:02.700615
Mercedes-Benz,Mercedes-Benz Classe A,à partir de154 000DT,https://www.automobile.tn/fr/neuf/mercedes-benz/classe-a,2026-02-08 17:08:04.750070
Mercedes-Benz,Mercedes-Benz Classe A Berline,à partir de167 000DT,https://www.automobile.tn/fr/neuf/mercedes-benz/classe-a-berline,2026-02-08 17:08:04.750125
Mercedes-Benz,Mercedes-Benz CLA,à partir de186 900DT,https://www.automobile.tn/fr/neuf/mercedes-benz/cla,2026-02-08 17:08:04.750173
Mercedes-Benz,Mercedes-Benz Classe C,à partir de209 900DT,https://www.automobile.tn/fr/neuf/mercedes-benz/classe-c,2026-02-08 17:08:04.750221
Mercedes-Benz,Mercedes-Benz Classe C Plug-in Hybride,à partir de239 900DT,https://www.automobile.tn/fr/neuf/mercedes-benz/classe-c-hybride,2026-02-08 17:08:04.750267
Mercedes-Benz,Mercedes-Benz CLE Coupé,à partir de315 000DT,https://www.automobile.tn/fr/neuf/mercedes-benz/cle-coupe/200-amg,2026-02-08 17:08:04.750316
Mercedes-Benz,Mercedes-Benz Classe E,à partir de309 900DT,https://www.automobile.tn/fr/neuf/mercedes-benz/classe-e,2026-02-08 17:08:04.750362
Mercedes-Benz,Mercedes-Benz EQE Berline,à partir de309 000DT,https://www.automobile.tn/fr/neuf/mercedes-benz/eqe-berline/300-amg,2026-02-08 17:08:04.750410
Mercedes-Benz,Mercedes-Benz EQS Berline,à partir de469 900DT,https://www.automobile.tn/fr/neuf/mercedes-benz/eqs-berline/450-4matic-amg,2026-02-08 17:08:04.750456
Mercedes-Benz,Mercedes-Benz Classe S,à partir de699 000DT,https://www.automobile.tn/fr/neuf/mercedes-benz/classe-s/450-4matic-2024-limousine,2026-02-08 17:08:04.750501
Mercedes-Benz,Mercedes-Benz GLA,à partir de189 900DT,https://www.automobile.tn/fr/neuf/mercedes-benz/gla,2026-02-08 17:08:04.750547
Mercedes-Benz,Mercedes-Benz GLB,à partir de211 900DT,https://www.automobile.tn/fr/neuf/mercedes-benz/glb/200-24-amg,2026-02-08 17:08:04.750593
Mercedes-Benz,Mercedes-Benz EQB,à partir de226 900DT,https://www.automobile.tn/fr/neuf/mercedes-benz/eqb/250plus-amg,2026-02-08 17:08:04.750641
Mercedes-Benz,Mercedes-Benz GLC,à partir de289 900DT,https://www.automobile.tn/fr/neuf/mercedes-benz/glc,2026-02-08 17:08:04.750684
Mercedes-Benz,Mercedes-Benz GLC Plug-in Hybride,à partir de260 000DT,https://www.automobile.tn/fr/neuf/mercedes-benz/glc-hybride/350e-4matic-amg,2026-02-08 17:08:04.750731
Mercedes-Benz,Mercedes-Benz GLC Coupé,à partir de339 000DT,https://www.automobile.tn/fr/neuf/mercedes-benz/glc-coupe/200-4matic-amg,2026-02-08 17:08:04.750774
Mercedes-Benz,Mercedes-Benz GLC Coupé Plug-in Hybride,à partir de369 900DT,https://www.automobile.tn/fr/neuf/mercedes-benz/glc-coupe-plug-in-hybride/350e-4matic-amg,2026-02-08 17:08:04.750818
Mercedes-Benz,Mercedes-Benz EQE SUV,à partir de399 900DT,https://www.automobile.tn/fr/neuf/mercedes-benz/eqe-suv/350-4matic,2026-02-08 17:08:04.750863
Mercedes-Benz,Mercedes-Benz GLE,à partir de592 000DT,https://www.automobile.tn/fr/neuf/mercedes-benz/gle/300d-4matic-amg-2023,2026-02-08 17:08:04.750907
Mercedes-Benz,Mercedes-Benz GLE Coupé,à partir de612 000DT,https://www.automobile.tn/fr/neuf/mercedes-benz/gle-coupe/300d-4matic-amg-2023,2026-02-08 17:08:04.750952
Mercedes-Benz,Mercedes-Benz Classe G Electrique,à partir de599 000DT,https://www.automobile.tn/fr/neuf/mercedes-benz/classe-g-electric,2026-02-08 17:08:04.750997
Mercedes-Benz,Mercedes-Benz Classe V,à partir de468 000DT,https://www.automobile.tn/fr/neuf/mercedes-benz/classe-v/250-d,2026-02-08 17:08:04.751040
Mg,MG 3,à partir de58 950DT,https://www.automobile.tn/fr/neuf/mg/3,2026-02-08 17:08:06.720830
Mg,MG 3 Hybrid+,à partir de77 950DT,https://www.automobile.tn/fr/neuf/mg/3-hybride/1.5-l-bva,2026-02-08 17:08:06.720910
Mg,MG 5,à partir de63 950DT,https://www.automobile.tn/fr/neuf/mg/5,2026-02-08 17:08:06.720966
Mg,MG ZS,à partir de79 950DT,https://www.automobile.tn/fr/neuf/mg/zs,2026-02-08 17:08:06.721021
Mg,MG ZS Hybrid+,à partir de97 950DT,https://www.automobile.tn/fr/neuf/mg/zs-hybride/1.5-l-cvt,2026-02-08 17:08:06.721071
Mg,MG S5,à partir de84 950DT,https://www.automobile.tn/fr/neuf/mg/s5/64-kwh,2026-02-08 17:08:06.721198
Mg,MG HS,à partir de104 950DT,https://www.automobile.tn/fr/neuf/mg/hs/1.5l-turbo-luxury,2026-02-08 17:08:06.721258
Mg,MG HS Hybrid+,à partir de114 950DT,https://www.automobile.tn/fr/neuf/mg/hs-hybridplus/1.5l-turbo,2026-02-08 17:08:06.721305
Mg,MG RX9,à partir de164 950DT,https://www.automobile.tn/fr/neuf/mg/rx9/2.0-t,2026-02-08 17:08:06.721356
Mg,MG 7,à partir de109 950DT,https://www.automobile.tn/fr/neuf/mg/7,2026-02-08 17:08:06.721405
Mg,MG Cyberster,à partir de179 950DT,https://www.automobile.tn/fr/neuf/mg/cyberster/77-kwh-rwd,2026-02-08 17:08:06.721492
Mini,Mini Cooper 5 portes,à partir de166 900DT,https://www.automobile.tn/fr/neuf/mini/5-portes,2026-02-08 17:08:08.559533
Mini,Mini Cooper 3 portes,à partir de185 900DT,https://www.automobile.tn/fr/neuf/mini/3-portes/1.5-l-john-cooper-works,2026-02-08 17:08:08.559580
Mini,Mini Cooper Electric,à partir de129 900DT,https://www.automobile.tn/fr/neuf/mini/cooper-e/36.6-kwh-classic,2026-02-08 17:08:08.559622
Mini,Mini Aceman Electric,à partir de139 900DT,https://www.automobile.tn/fr/neuf/mini/aceman,2026-02-08 17:08:08.559664
Mini,Mini Countryman,à partir de169 900DT,https://www.automobile.tn/fr/neuf/mini/countryman,2026-02-08 17:08:08.559703
Mini,Mini Countryman Electric,à partir de189 900DT,https://www.automobile.tn/fr/neuf/mini/countryman-electric/42.5-kwh-favoured,2026-02-08 17:08:08.559743
Mini,Mini Cooper Cabriolet,à partir de227 900DT,https://www.automobile.tn/fr/neuf/mini/cabriolet/2.0-l-favoured,2026-02-08 17:08:08.559783
Mitsubishi,Mitsubishi Attrage Populaire,à partir de34 876DT,https://www.automobile.tn/fr/neuf/mitsubishi/attrage-populaire/1.2-l-glx-bvm-populaire,2026-02-08 17:08:10.485804
Mitsubishi,Mitsubishi Eclipse Cross,à partir de107 000DT,https://www.automobile.tn/fr/neuf/mitsubishi/eclipse-cross/1.5-t-mivec-cvt,2026-02-08 17:08:10.485857
Mitsubishi,Mitsubishi ASX,à partir de131 700DT,https://www.automobile.tn/fr/neuf/mitsubishi/asx/2.0-l-bva,2026-02-08 17:08:10.485912
Mitsubishi,Mitsubishi L200 Double Cabine,à partir de137 000DT,https://www.automobile.tn/fr/neuf/mitsubishi/l200-double-cabine/2.5-l-did,2026-02-08 17:08:10.485971
Mitsubishi,Mitsubishi Pajero,à partir de196 500DT,https://www.automobile.tn/fr/neuf/mitsubishi/pajero/2.8-l,2026-02-08 17:08:10.486020
Mitsubishi,Mitsubishi Pajero Sport,à partir de243 567DT,https://www.automobile.tn/fr/neuf/mitsubishi/pajero-sport,2026-02-08 17:08:10.486065
Nissan,Nissan Magnite,à partir de60 900DT,https://www.automobile.tn/fr/neuf/nissan/magnite,2026-02-08 17:08:12.380552
Nissan,Nissan Juke,à partir de99 900DT,https://www.automobile.tn/fr/neuf/nissan/juke/1.0-l-dig-t-dct,2026-02-08 17:08:12.380604
Nissan,Nissan Qashqai e-Power,à partir de152 900DT,https://www.automobile.tn/fr/neuf/nissan/qashqai-e-power/1.5-l-n-connecta,2026-02-08 17:08:12.380647
Nissan,Nissan Navara,à partir de179 500DT,https://www.automobile.tn/fr/neuf/nissan/navara/2.5-dci-4x4-bva-double-cabine,2026-02-08 17:08:12.380686
Omoda-Jaecoo,Omoda & Jaecoo E5,à partir de83 900DT,https://www.automobile.tn/fr/neuf/omoda-jaecoo/e5/61-kwh-premium,2026-02-08 17:08:14.295991
Omoda-Jaecoo,Omoda & Jaecoo C5,à partir de93 900DT,https://www.automobile.tn/fr/neuf/omoda-jaecoo/c5/1.5-tgdi-hev-premium,2026-02-08 17:08:14.296046
Omoda-Jaecoo,Omoda & Jaecoo J7,à partir de105 900DT,https://www.automobile.tn/fr/neuf/omoda-jaecoo/7/1.5-tgdi-shs,2026-02-08 17:08:14.296105
Omoda-Jaecoo,Omoda & Jaecoo J8,à partir de146 900DT,https://www.automobile.tn/fr/neuf/omoda-jaecoo/8/1.5-tgdi-shs-4wd,2026-02-08 17:08:14.296149
Opel,Opel Corsa,à partir de66 900DT,https://www.automobile.tn/fr/neuf/opel/corsa,2026-02-08 17:08:16.134023
Opel,Opel Crossland,à partir de75 900DT,https://www.automobile.tn/fr/neuf/opel/crossland/1.2-l-110-ch-bva-edition,2026-02-08 17:08:16.134076
Opel,Opel Mokka,à partir de91 900DT,https://www.automobile.tn/fr/neuf/opel/mokka/1.2-l-turbo-130-ch-at8-gs-special-edition,2026-02-08 17:08:16.134123
Opel,Opel Astra,à partir de94 900DT,https://www.automobile.tn/fr/neuf/opel/astra/1.2-l-gs-limited,2026-02-08 17:08:16.134166
Opel,Opel Grandland,à partir de99 900DT,https://www.automobile.tn/fr/neuf/opel/grandland/1.6-l-turbo-bva-gs-line,2026-02-08 17:08:16.134215
Opel,Opel Combo Cargo,à partir de62 990DT,https://www.automobile.tn/fr/neuf/opel/combo,2026-02-08 17:08:16.134260
Peugeot,Peugeot 208,à partir de68 900DT,https://www.automobile.tn/fr/neuf/peugeot/208/1.2-l-style,2026-02-08 17:08:18.066218
Peugeot,Peugeot 2008,à partir de92 900DT,https://www.automobile.tn/fr/neuf/peugeot/2008,2026-02-08 17:08:18.066272
Peugeot,Peugeot Rifter,à partir de105 900DT,https://www.automobile.tn/fr/neuf/peugeot/rifter/1.6-l-hdi-92ch,2026-02-08 17:08:18.066318
Peugeot,Peugeot 408,à partir de140 900DT,https://www.automobile.tn/fr/neuf/peugeot/408,2026-02-08 17:08:18.066366
Peugeot,Peugeot Expert Combi,à partir de152 900DT,https://www.automobile.tn/fr/neuf/peugeot/expert-combi/2.0-l-hdi-9-places,2026-02-08 17:08:18.066410
Peugeot,Peugeot Landtrek Simple Cabine,à partir de75 490DT,https://www.automobile.tn/fr/neuf/peugeot/landtrek-simple-cabine,2026-02-08 17:08:18.066453
Peugeot,Peugeot Landtrek Double Cabine,à partir de88 990DT,https://www.automobile.tn/fr/neuf/peugeot/landtrek-double-cabine,2026-02-08 17:08:18.066498
Peugeot,Peugeot Partner,à partir de63 990DT,https://www.automobile.tn/fr/neuf/peugeot/partner,2026-02-08 17:08:18.066542
Peugeot,Peugeot Expert,à partir de88 900DT,https://www.automobile.tn/fr/neuf/peugeot/expert/2.0-l-hdi-2025,2026-02-08 17:08:18.066585
Peugeot,Peugeot Boxer,à partir de97 900DT,https://www.automobile.tn/fr/neuf/peugeot/boxer,2026-02-08 17:08:18.066628
Peugeot,Peugeot Boxer Double Cabine,à partir de109 900DT,https://www.automobile.tn/fr/neuf/peugeot/boxer-plateau-double-cabine/350-l2-plateau-double-cabine,2026-02-08 17:08:18.066672
Peugeot,Peugeot Traveller,à partir de169 900DT,https://www.automobile.tn/fr/neuf/peugeot/traveller/2.0-l-hdi-9-places,2026-02-08 17:08:18.066717
Porsche,Porsche Macan Electric,à partir de295 000DT,https://www.automobile.tn/fr/neuf/porsche/macan-electric,2026-02-08 17:08:19.998581
Porsche,Porsche Cayenne E-Hybrid,à partir de395 000DT,https://www.automobile.tn/fr/neuf/porsche/cayenne-e-hybrid,2026-02-08 17:08:19.998629
Porsche,Porsche Cayenne Electric,à partir de398 000DT,https://www.automobile.tn/fr/neuf/porsche/cayenne-electric,2026-02-08 17:08:19.998673
Porsche,Porsche Cayenne E-Hybrid Coupé,à partir de405 000DT,https://www.automobile.tn/fr/neuf/porsche/cayenne-e-hybrid-coupe,2026-02-08 17:08:19.998715
Porsche,Porsche Taycan,à partir de448 000DT,https://www.automobile.tn/fr/neuf/porsche/taycan,2026-02-08 17:08:19.998757
Porsche,Porsche Taycan Cross Turismo,à partir de475 000DT,https://www.automobile.tn/fr/neuf/porsche/taycan-cross-turismo/4-2025,2026-02-08 17:08:19.998797
Porsche,Porsche Panamera 4 E-Hybrid,à partir de529 000DT,https://www.automobile.tn/fr/neuf/porsche/panamera-4-e-hybrid/v6,2026-02-08 17:08:19.998837
Porsche,Porsche 911,à partir de845 000DT,https://www.automobile.tn/fr/neuf/porsche/911/carrera-2024,2026-02-08 17:08:19.998876
Renault,Renault Kwid Populaire,à partir de30 095DT,https://www.automobile.tn/fr/neuf/renault/kwid/1.0-l-2025,2026-02-08 17:08:21.897820
Renault,Renault Clio,à partir de66 950DT,https://www.automobile.tn/fr/neuf/renault/clio,2026-02-08 17:08:21.897865
Renault,Renault Megane,à partir de94 950DT,https://www.automobile.tn/fr/neuf/renault/megane/1.3-l-tce-140,2026-02-08 17:08:21.897905
Renault,Renault Megane Sedan,à partir de101 650DT,https://www.automobile.tn/fr/neuf/renault/megane-sedan,2026-02-08 17:08:21.897944
Renault,Renault Austral,à partir de134 900DT,https://www.automobile.tn/fr/neuf/renault/austral/1.3-l,2026-02-08 17:08:21.897985
Renault,Renault Express Van,à partir de59 950DT,https://www.automobile.tn/fr/neuf/renault/express-van/diesel,2026-02-08 17:08:21.898025
Renault,Renault Express Combi,à partir de88 900DT,https://www.automobile.tn/fr/neuf/renault/express-combi/1.5-l-dci,2026-02-08 17:08:21.898064
Renault,Renault Master,à partir de84 900DT,https://www.automobile.tn/fr/neuf/renault/master,2026-02-08 17:08:21.898104
Seat,Seat Ibiza,à partir de64 980DT,https://www.automobile.tn/fr/neuf/seat/ibiza,2026-02-08 17:08:23.766405
Seat,Seat Arona,à partir de90 980DT,https://www.automobile.tn/fr/neuf/seat/arona,2026-02-08 17:08:23.766468
Seat,Seat Leon,à partir de108 980DT,https://www.automobile.tn/fr/neuf/seat/leon,2026-02-08 17:08:23.766527
Seat,Seat Ateca,à partir de127 980DT,https://www.automobile.tn/fr/neuf/seat/ateca,2026-02-08 17:08:23.766595
Skoda,Skoda Fabia,à partir de66 980DT,https://www.automobile.tn/fr/neuf/skoda/fabia,2026-02-08 17:08:25.712781
Skoda,Skoda Kushaq,à partir de77 980DT,https://www.automobile.tn/fr/neuf/skoda/kushaq,2026-02-08 17:08:25.712828
Skoda,Skoda Scala,à partir de86 980DT,https://www.automobile.tn/fr/neuf/skoda/scala,2026-02-08 17:08:25.712869
Skoda,Skoda Kamiq,à partir de89 980DT,https://www.automobile.tn/fr/neuf/skoda/kamiq,2026-02-08 17:08:25.712910
Skoda,Skoda Octavia,à partir de114 980DT,https://www.automobile.tn/fr/neuf/skoda/octavia,2026-02-08 17:08:25.712951
Skoda,Skoda Superb,à partir de155 980DT,https://www.automobile.tn/fr/neuf/skoda/superb,2026-02-08 17:08:25.712991
Ssangyong,Ssangyong Tivoli,à partir de88 000DT,https://www.automobile.tn/fr/neuf/ssangyong/tivoli/1.5-t-ilovit-2024,2026-02-08 17:08:27.614358
Ssangyong,Ssangyong Korando,à partir de114 800DT,https://www.automobile.tn/fr/neuf/ssangyong/korando/1.5-l-gdi-limited-bva,2026-02-08 17:08:27.614411
Ssangyong,Ssangyong Musso,à partir de119 000DT,https://www.automobile.tn/fr/neuf/ssangyong/musso/2.2-l-diesel-4wd-crm,2026-02-08 17:08:27.614454
Ssangyong,Ssangyong Rexton,à partir de290 000DT,https://www.automobile.tn/fr/neuf/ssangyong/rexton/2.2-l-diesel-bva-5-places,2026-02-08 17:08:27.614499
Suzuki,Suzuki Celerio Populaire,à partir de28 935DT,https://www.automobile.tn/fr/neuf/suzuki/celerio-populaire/1.0-l-gl,2026-02-08 17:08:29.519693
Suzuki,Suzuki Swift,à partir de56 400DT,https://www.automobile.tn/fr/neuf/suzuki/swift,2026-02-08 17:08:29.519777
Suzuki,Suzuki Dzire,à partir de56 900DT,https://www.automobile.tn/fr/neuf/suzuki/dzire,2026-02-08 17:08:29.519860
Suzuki,Suzuki Baleno,à partir de67 900DT,https://www.automobile.tn/fr/neuf/suzuki/baleno,2026-02-08 17:08:29.519944
Suzuki,Suzuki Fronx,à partir de76 900DT,https://www.automobile.tn/fr/neuf/suzuki/fronx,2026-02-08 17:08:29.520026
Suzuki,Suzuki Jimny 5 portes,à partir de117 900DT,https://www.automobile.tn/fr/neuf/suzuki/jimny-5p/1.5-l-4x4-bva-raid-edition,2026-02-08 17:08:29.520107
Tata,Tata Super Ace Simple Cabine,à partir de39 900DT,https://www.automobile.tn/fr/neuf/tata/super-ace/1.4-l-turbo-diesel-simple-cabine-2023,2026-02-08 17:08:31.516778
Tata,Tata Xenon X2 Simple Cabine,à partir de58 900DT,https://www.automobile.tn/fr/neuf/tata/xenon-x2/2.2l-turbo,2026-02-08 17:08:31.516826
Tata,Tata Xenon X2 Double Cabine 4x2,à partir de74 900DT,https://www.automobile.tn/fr/neuf/tata/xenon-dc/2.2-l-4x2-2023,2026-02-08 17:08:31.516868
Tata,Tata Xenon X2 Double Cabine 4x4,à partir de81 900DT,https://www.automobile.tn/fr/neuf/tata/xenon-x2-double-cabine-4x4/2.2-l-4x4,2026-02-08 17:08:31.516910
Toyota,Toyota Yaris Hybride,à partir de84 900DT,https://www.automobile.tn/fr/neuf/toyota/yaris-hybride/1.5-l-cvt-france,2026-02-08 17:08:33.529590
Toyota,Toyota Yaris Cross Hybride,à partir de116 900DT,https://www.automobile.tn/fr/neuf/toyota/yaris-cross/1.5-l-cvt-2023,2026-02-08 17:08:33.529637
Toyota,Toyota RAV 4 Hybride,à partir de189 800DT,https://www.automobile.tn/fr/neuf/toyota/rav-4-hybride/2.5-l-hybride,2026-02-08 17:08:33.529679
Toyota,Toyota Fortuner,à partir de274 800DT,https://www.automobile.tn/fr/neuf/toyota/fortuner/2.4-l-d-4d-bva,2026-02-08 17:08:33.529721
Toyota,Toyota Prado,à partir de324 000DT,https://www.automobile.tn/fr/neuf/toyota/prado,2026-02-08 17:08:33.529760
Toyota,Toyota Land Cruiser 300,à partir de530 000DT,https://www.automobile.tn/fr/neuf/toyota/land-cruiser-300,2026-02-08 17:08:33.529800
Toyota,Toyota Hilux Simple Cabine,à partir de123 800DT,https://www.automobile.tn/fr/neuf/toyota/hilux-simple-cabine/2.4-l-diesel-d-4d-4x4,2026-02-08 17:08:33.529840
Toyota,Toyota Hilux Double Cabine,à partir de159 800DT,https://www.automobile.tn/fr/neuf/toyota/hilux,2026-02-08 17:08:33.529881
Toyota,Toyota Hiace 16 places,à partir de149 800DT,https://www.automobile.tn/fr/neuf/toyota/hiace/2.5-l-diesel-16-places,2026-02-08 17:08:33.529921
Toyota,Toyota Coaster,à partir de248 000DT,https://www.automobile.tn/fr/neuf/toyota/coaster/4.2-l,2026-02-08 17:08:33.529961
Toyota,Toyota Hiace Van,à partir de83 900DT,https://www.automobile.tn/fr/neuf/toyota/hiace-van/3.0-l-diesel,2026-02-08 17:08:33.530000
Volkswagen,Volkswagen Virtus,à partir de68 980DT,https://www.automobile.tn/fr/neuf/volkswagen/virtus,2026-02-08 17:08:35.506080
Volkswagen,Volkswagen T-Cross,à partir de75 980DT,https://www.automobile.tn/fr/neuf/volkswagen/t-cross,2026-02-08 17:08:35.506131
Volkswagen,Volkswagen Polo,à partir de89 980DT,https://www.automobile.tn/fr/neuf/volkswagen/polo/1.0-l-drive,2026-02-08 17:08:35.506178
Volkswagen,Volkswagen Golf 8,à partir de120 980DT,https://www.automobile.tn/fr/neuf/volkswagen/golf-8,2026-02-08 17:08:35.506222
Volkswagen,Volkswagen Tiguan,à partir de159 980DT,https://www.automobile.tn/fr/neuf/volkswagen/tiguan,2026-02-08 17:08:35.506267
Volkswagen,Volkswagen Amarok,à partir de199 980DT,https://www.automobile.tn/fr/neuf/volkswagen/amarok,2026-02-08 17:08:35.506311
Volvo,Volvo EX30,à partir de115 900DT,https://www.automobile.tn/fr/neuf/volvo/ex30,2026-02-08 17:08:37.519407
Volvo,Volvo XC40,à partir de189 900DT,https://www.automobile.tn/fr/neuf/volvo/xc40,2026-02-08 17:08:37.519461
Volvo,Volvo EC40,à partir de189 900DT,https://www.automobile.tn/fr/neuf/volvo/ec40-recharge,2026-02-08 17:08:37.519509
Volvo,Volvo ES90,à partir de239 900DT,https://www.automobile.tn/fr/neuf/volvo/es90,2026-02-08 17:08:37.519557
Volvo,Volvo EX90,à partir de295 900DT,https://www.automobile.tn/fr/neuf/volvo/ex90,2026-02-08 17:08:37.519613
Volvo,Volvo XC60,à partir de239 900DT,https://www.automobile.tn/fr/neuf/volvo/xc60,2026-02-08 17:08:37.519678
Volvo,Volvo XC90,à partir de339 900DT,https://www.automobile.tn/fr/neuf/volvo/xc90,2026-02-08 17:08:37.519748
Wallyscar,Wallyscar Annibal,à partir de89 700DT,https://www.automobile.tn/fr/neuf/wallyscar/annibal,2026-02-08 17:08:39.590143
Wallyscar,Wallyscar Annibal XXL,à partir de142 200DT,https://www.automobile.tn/fr/neuf/wallyscar/annibal-xxl,2026-02-08 17:08:39.590212
